company;linkedin
Fachhochschule Salzburg GmbH;https://www.linkedin.com/school/fhsalzburg/people/
FH Campus Wien;https://www.linkedin.com/school/fh-campus-wien/people/
Lernquadrat;https://www.linkedin.com/company/lernquadrat/people/
MCI Management Center Innsbruck - Internationale Hochschule GmbH;https://www.linkedin.com/school/management-center-innsbruck/people/
Universität Wien;https://www.linkedin.com/school/universitat-wien/people/
DeutschAkademie - Sprachinstitut;https://www.linkedin.com/company/deutschakademie-sprachschule-wien/people/
Landesberufsschule Bludenz;https://www.linkedin.com/school/berufsschule-bludenz/people/
BFI Berufsförderungsinstitut Salzburg BildungsGmbH;https://www.linkedin.com/company/bfi-salzburg-bildungsgmbh/people/
Fachhochschule Technikum Wien;https://www.linkedin.com/school/uas-technikum-wien/people/
Vienna International School;https://www.linkedin.com/school/vienna-international-school/people/
Volksbank Akademie;https://www.linkedin.com/company/volksbank-akademie/people/
allegro consulting gmbh;https://www.linkedin.com/company/allegro-consulting-gmbh/people/
UNIVERSITÄT MOZARTEUM;https://www.linkedin.com/school/universit-t-mozarteum-salzburg/people/
SMBS-University of Salzburg Business School, GmbH;https://www.linkedin.com/school/smbs---university-of-salzburg-business-school/people/
Schulungszentrum Fohnsdorf;https://www.linkedin.com/company/schulungszentrum-fohnsdorf/people/
Berlitz Austria GmbH;https://www.linkedin.com/company/berlitz-austria-gmbh/people/
ibis acam Bildungs GmbH;https://www.linkedin.com/company/ibis-acam-bildungs-gmbh/people/
AlpinSchule Innsbruck GmbH;https://www.linkedin.com/company/asi-reisen-alpinschule-innsbruck-gmbh/people/
Fachhochschule des bfi Wien GmbH;https://www.linkedin.com/school/fachhochschule-des-bfi-wien/people/
ITSV GmbH;https://www.linkedin.com/company/it-services-der-sozialversicherung-gmbh/people/
ActiLingua Academy;https://www.linkedin.com/company/actilingua-academy/people/
Landesberufsschule Feldkirch;https://www.linkedin.com/school/landesberufsschule-feldkirch/people/
TU Graz;https://www.linkedin.com/school/tugraz1811/people/
ibis acam Bildungs GmbH;https://www.linkedin.com/company/ibis-acam-bildungs-gmbh/people/
FH OÖ Studienbetriebs GmbH;https://www.linkedin.com/school/fachhochschule-ober%C3%B6sterreich/people/
Pädagogische Hochschule Tirol;https://www.linkedin.com/company/p%C3%A4dagogische-hochschule-tirol/people/
ppc training Rath & Artner GmbH;https://www.linkedin.com/company/ppc-training/people/
FH OÖ IT GmbH / FH Oberösterreich;https://www.linkedin.com/school/fachhochschule-ober%C3%B6sterreich/people/
Kunstuniversität Linz;https://www.linkedin.com/company/art-university-linz-ludwig-boltzmann-institute-for-media.art.research/people/
Fachhochschule Wiener Neustadt für Wirtschaft und Technik;https://www.linkedin.com/school/fachhochschule-wiener-neustadt/people/
GS1 Austria GmbH;https://www.linkedin.com/company/gs1-austria-gmbh/people/
bfi Berufsförderungsinstitut;https://www.linkedin.com/company/bbrz-wien/people/
borisgloger training KG;https://www.linkedin.com/company/borisglogerconsulting/people/
Technische Universität Wien;https://www.linkedin.com/school/tuwien/people/
CAMPUS 02 Fachhochschule der Wirtschaft GmbH;https://www.linkedin.com/school/fhcampus02/people/
FH Gesundheitsberufe OÖ GmbH;https://www.linkedin.com/company/fh-gesundheitsberufe/people/
Berufsförderungsinstitut Österreich;https://www.linkedin.com/company/bfi-salzburg-bildungsgmbh/people/
KMU Akademie & Management AG;https://www.linkedin.com/company/kmu-akademie-&-management-ag/people/
The Language Company Sprachinstitut;https://www.linkedin.com/company/the-language-company-sprachinstitut-gmbh/people/
Pädagogische Hochschule Salzburg;https://www.linkedin.com/company/ph-salzburg/people/
Akademie der bildenden Künste Wien;https://www.linkedin.com/school/akademie-der-bildenden-k-nste-wien/people/
Alpen-Adria-Universität Klagenfurt;https://www.linkedin.com/school/universitat-klagenfurt/people/
FH OÖ Studienbetriebs GmbH;https://www.linkedin.com/school/fachhochschule-ober%C3%B6sterreich/people/
Anton Bruckner Privatuniversität Linz;https://www.linkedin.com/school/anton-bruckner-privatuniversit%C3%A4t/people/
LearnChamp Consulting GmbH;https://www.linkedin.com/company/learnchamp/people/
Kieser Training;https://www.linkedin.com/company/kieser-training/people/
FH OÖ Forschungs und Entwicklungs GmbH;https://www.linkedin.com/school/fachhochschule-ober%C3%B6sterreich/people/
Mobile Nachhilfe - Mag. Kügerl Bildungsmanagement OEG;https://www.linkedin.com/company/mobile-nachhilfe-einzelunterricht-beim-sch%C3%BCler-zu-hause/people/
Teach For Austria gemeinnützige GmbH;https://www.linkedin.com/company/teachforaustria/people/
Collegium Bernardi - Privatgymnasium Mehrerau;https://www.linkedin.com/company/collegium-bernardi/people/
Universität Liechtenstein;https://www.linkedin.com/school/universit-t-liechtenstein/people/
DeutschAkademie Sprachschule GmbH;https://www.linkedin.com/company/deutschakademie-sprachschule-wien/people/
die Berater;https://www.linkedin.com/company/die-berater-unternehmensberatung/people/
AMADEUS – International School Vienna;https://www.linkedin.com/organization-guest/company/amadeus-international-school-vienna
music support group GmbH / Deutsche POP;https://www.linkedin.com/company/deutschepop/people/
Paracelsus Medizinische Privatuniversität;https://www.linkedin.com/school/paracelsus-medizinische-privatuniversit%C3%A4t/people/
Fachhochschule KufsteinTirol GmbH;https://www.linkedin.com/school/fh-kufstein/people/
BZL - Bildungszentrum Lenzing GmbH;https://www.linkedin.com/company/bildungszentrum-lenzing/people/
Roadstars GmbH für Verkehr und Mobilität;https://www.linkedin.com/company/roadstars-gmbh/people/
Karl Landsteiner Privatuniversität für Gesundheitswissenschaften;https://www.linkedin.com/company/klpu/people/
GIP Gemeinnützige Projekt GmbH;https://www.linkedin.com/company/gip-gmbh/people/
UZH Universität Zürich;https://www.linkedin.com/school/uzh/people/
Die Wiener Volkshochschulen GmbH;https://www.linkedin.com/company/wiener-volkshochschulen/people/
THD - Technische Hochschule Deggendorf;https://www.linkedin.com/school/technische-hochschule-deggendorf/people/
bfi-work4me / bfi Wien Berufsförderungsinstitut Wien;https://www.linkedin.com/company/bfi-salzburg-bildungsgmbh/people/
Hochschule Weihenstephan-Triesdorf;https://www.linkedin.com/school/hswt/people/
Wirtschaftsuniversität Wien;https://www.linkedin.com/school/wu-wirtschaftsuniversitaet-wien/people/
bit schulungscenter Nfg GmbH & Co KG;https://www.linkedin.com/company/bit-schulungscenter-nfg-gmbh-&-co-kg/people/
Universität Mozarteum Salzburg;https://www.linkedin.com/school/universit-t-mozarteum-salzburg/people/
FH St. Pölten GmbH / Fachhochschule St. Pölten GmbH;https://www.linkedin.com/school/fachhochschule-st-p%C3%B6lten/people/
Vereinigung von Ordensschulen Österreichs;https://www.linkedin.com/company/vereinigung-von-ordensschulen-%C3%B6sterreichs/people/
BBRZ Österreich;https://www.linkedin.com/company/bbrz-wien/people/
Öffentliches Gymnasium der Stiftung Theresianische Akademie;https://www.linkedin.com/company/stiftung-%E2%80%9Etheresianische-akademie%E2%80%9C-wien/people/
BBRZ REHA GmbH;https://www.linkedin.com/company/bbrz-wien/people/
BFI Tirol;https://www.linkedin.com/company/bfi-tirol-bildungs-gmbh/videos/
Sigmund Freud PrivatUniversität;https://www.linkedin.com/school/sigmund-freud-university-vienna/people/
ARS Akademie für Recht und Steuern;https://www.linkedin.com/company/ars-akademie/people/
Interlingua Language Services;https://www.linkedin.com/company/interlingua-language-services-ils-gmbh/people/
Webster Vienna Private University;https://www.linkedin.com/school/webster-vienna-private-university/people/
bfi Steiermark - Geschäftsführung;https://www.linkedin.com/company/bfi-steiermark/people/
Medizinische Universität Graz;https://www.linkedin.com/school/medizinische-universit%C3%A4t-graz/people/
Technische Universität Graz;https://www.linkedin.com/school/tugraz1811/people/
zam Steiermark GmbH;https://www.linkedin.com/company/zamsteiermark/people/
Johannes Kepler Universität Linz;https://www.linkedin.com/school/jkulinz/people/
Anton Bruckner Privatuniversität;https://www.linkedin.com/school/anton-bruckner-privatuniversit%C3%A4t/people/
Schloss Hofen;https://www.linkedin.com/company/schloss-hofen/people/
IMC Fachhochschule Krems;https://www.linkedin.com/school/imc-fachhochschule-krems/people/
Technische Universität Graz;https://www.linkedin.com/school/tugraz1811/people/
Universität Wien Zentraler Informatikdienst;https://www.linkedin.com/company/vienna-university-computer-center/people/
BFI der AK Vorarlberg GmbH;https://www.linkedin.com/company/bfi-der-ak-vorarlberg-gmbh/people/
Jugend am Werk - Lehrbetrieb Technologiezentrum;https://www.linkedin.com/company/jugend-am-werk/people/
Technische Universität Braunschweig;https://www.linkedin.com/school/tu-braunschweig/people/
WIFI ÖFA GmbH;https://www.linkedin.com/company/wifi-o%C3%B6-gmbh/people/
imh GmbH;https://www.linkedin.com/company/imh-institut-manfred-haemmerle/people/
Masterplan com GmbH;https://www.linkedin.com/company/masterplan-com/people/
Universität für Musik und darstellende Kunst Graz (KUG);https://www.linkedin.com/school/universit%C3%A4t-f%C3%BCr-musik-und-darstellende-kunst-graz/people/
Fachhochschule Wiener Neustadt für Wirtschaft und Technik;https://www.linkedin.com/school/fachhochschule-wiener-neustadt/people/
FH Wien der WKW;https://www.linkedin.com/school/fhwien-der-wkw/people/
Donau-Universität Krems;https://www.linkedin.com/school/donau.uni/people/
BBRZ GRUPPE;https://www.linkedin.com/company/bbrz-wien/people/
IUBH Internationale Hochschule GmbH;https://www.linkedin.com/school/iubh-hochschule/people/
slw Kindergarten;https://www.linkedin.com/company/slw-elisabethinum/people/
GiP Kinderbildungs GmbH;https://www.linkedin.com/company/gip-gmbh/people/
ALEA + PARTNER GMBH – aleaPRO;https://www.linkedin.com/company/alea-partner-gmbh/people/
CS Caritas Socialis GmbH / CS Kinderbetreuungs GmbH;https://www.linkedin.com/company/caritassocialis/people/
Volkshilfe Arbeitswelt GmbH;https://www.linkedin.com/company/volkshilfe-ober%C3%B6sterreich/people/
Fachhochschule Oberösterreich;https://www.linkedin.com/school/fachhochschule-ober%C3%B6sterreich/people/
FH OÖ Studienbetriebs GmbH;https://www.linkedin.com/school/fachhochschule-ober%C3%B6sterreich/people/
FH OÖ forschungs- & Entwicklungs GmbH;https://www.linkedin.com/school/fachhochschule-ober%C3%B6sterreich/people/
BOKU Universität für Bodenkultur;https://www.linkedin.com/company/university-of-natural-resources-and-applied-life-sciences-vienna/people/
Fachhochschule Technikum Kärnten;https://www.linkedin.com/school/fachhochschule-k%C3%A4rnten/people/?viewAsMember=true
Österreichische Akademie der Wissenschaften (ÖAW);https://www.linkedin.com/company/austrian-academy-of-sciences/people/
Universität für Musik und darstellende Kunst Wien;https://www.linkedin.com/school/universitat-fur-musik-und-darstellende-kunst-wien/people/
KTU Katholisch-Theologische Privatuniversität Linz;https://www.linkedin.com/school/katholisch-theologische-privatuniversit%C3%A4t-linz/people/
Privatuniversität Schloss Seeburg;https://www.linkedin.com/school/privatuniversitaetschlossseeburg/people/
Montanuniversität Leoben;https://www.linkedin.com/school/montanuniversit%C3%A4t-leoben/people/
Veterinärmedizinische Universität Wien;https://www.linkedin.com/school/vetmeduni-vienna/people/
Fachhochschule Weihenstephan;https://www.linkedin.com/school/fachhochschule-weihenstephan-freising/people/
Universität für angewandte Kunst Wien;https://www.linkedin.com/school/universit%C3%A4t-f%C3%BCr-angewandte-kunst-wien/people/
FH JOANNEUM Gesellschaft mbH;https://www.linkedin.com/school/fh-joanneum/people/
Universität Salzburg;https://www.linkedin.com/school/universit%C3%A4t-salzburg/people/
Technische Hochschule Rosenheim;https://www.linkedin.com/school/th-rosenheim/people/
Technische Universität Wien -TU Wien- / Vienna University of Technology;https://www.linkedin.com/school/tuwien/people/
Fachhochschule Technikum Kärnten;https://www.linkedin.com/school/fachhochschule-k%C3%A4rnten/people/?viewAsMember=true
SNP Schneider-Neureither und Partner AG;https://www.linkedin.com/company/snp-schneider-neureither-&-partner-se/people/
Universität Mannheim;https://www.linkedin.com/school/university-of-mannheim/people/
Minihaus München;https://www.linkedin.com/company/minihaus-m%C3%BCnchen/people/
Hochschule Bremen;https://www.linkedin.com/school/hsbremen/people/
Ostfalia Hochschule für angewandte Wissenschaften;https://www.linkedin.com/school/ostfalia---university-of-applied-sciences/people/
Hochschule RheinMain;https://www.linkedin.com/school/hochschulerheinmain/people/
Hochschule Kempten - Hochschule für angewandte Wissenschaften / Professional School of Business & Technology;https://www.linkedin.com/school/professional-school-of-business-&-technology---kempten-university-of-applied-sciences/people/
Horváth & Partner;https://www.linkedin.com/company/horvathpartners/people/
Technische Universität München TUM;https://www.linkedin.com/school/technische-universitat-munchen/people/
SCMT Steinbeis Center of Management and Technology GmbH;https://www.linkedin.com/company/steinbeis-center-of-management-&-technology/people/
IST-Studieninstitut GmbH;https://www.linkedin.com/school/ist-hochschule-f%C3%BCr-management/people/
Hochschule für angewandte Wissenschaften Augsburg;https://www.linkedin.com/school/hochschule-augsburg/people/
Hochschule Worms;https://www.linkedin.com/school/hochschule-worms/people/
WHU - Otto Beisheim School of Management;https://www.linkedin.com/school/whu-otto-beisheim-school-of-management/people/
Alice-Salomon-Hochschule Berlin;https://www.linkedin.com/company/alice-salomon-hochschule-berlin/people/
Staatliche Akademie der Bildenden Künste Stuttgart;https://www.linkedin.com/school/staatliche-akademie-der-bildenden-k%C3%BCnste-stuttgart/people/
Universität Bielefeld;https://www.linkedin.com/school/university-of-bielefeld/people/
Hochschule Fulda;https://www.linkedin.com/school/hochschule-fulda/people/
Universität Wien;https://www.linkedin.com/school/universitat-wien/people/
St.Joseph-Krankenhaus;https://www.linkedin.com/company/st-joseph-krankenhaus/people/
S-W-E-P / Spanish Work Exchange Programme;https://www.linkedin.com/company/spanish-work-exchange-programme-s-w-e-p-/people/
Freie Universität Bozen;https://www.linkedin.com/school/unibz/people/
Technische Universität Clausthal;https://www.linkedin.com/school/clausthal-university-of-technology/people/
Hochschule Konstanz HTWG;https://www.linkedin.com/school/htwg-konstanz/people/
Brandenburgische Technische Universität Cottbus-Senftenberg;https://www.linkedin.com/school/btu-cottbus-senftenberg/people/
Phorms Education SE;https://www.linkedin.com/company/phorms-education/people/
Kinderhaus Atem Reich;https://www.linkedin.com/company/kinderhaus-atemreich/people/
IHK-Akademie;https://www.linkedin.com/company/ihk-akademie-m%C3%BCnchen-und-oberbayern/people/
UAS Frankfurt University of Applied Sciences;https://www.linkedin.com/school/frankfurtuas/people/
MSH Medical School Hamburg Fachhochschule für Gesundheit und Medizin;https://www.linkedin.com/school/msh-medicalschool-hamburg/people/
KVJS - Kommunalverband für Jugend und Soziales Baden-Württemberg;https://www.linkedin.com/company/kvjs/people/
telc GmbH;https://www.linkedin.com/company/telc-gmbh---the-european-language-certificates/people/
Kassenärztliche Vereinigung Mecklenburg-Vorpommern;https://www.linkedin.com/company/kassen%C3%A4rztliche-vereinigung-mecklenburg-vorpommern/people/
CAU Christian-Albrechts-Universität zu Kiel;https://www.linkedin.com/school/kieluni/people/
Technische Universität Ilmenau;https://www.linkedin.com/school/tu-ilmenau/people/
BerufsBildungsWerk Greifswald;https://www.linkedin.com/company/berufsbildungswerk-greifswald/people/
Alfatraining Bildungszentrum Gmbh;https://www.linkedin.com/company/alfatraining-bildungszentrum-gmbh-/people/
Institut für soziale Berufe Stuttgart gGmbH;https://www.linkedin.com/company/institut-f%C3%BCr-soziale-berufe-stuttgart-ggmbh/people/
Jacobs University Bremen gGmbH;https://www.linkedin.com/school/jacobs-university-bremen/people/
Julius-Maximilians-Universität Würzburg KöR;https://www.linkedin.com/school/julius-maximilians-universitat-wurzburg/people/
Hochschule für Wirtschaft und Umwelt Nürtingen-Geislingen;https://www.linkedin.com/school/hfwu/people/
Technische Universität Berlin;https://www.linkedin.com/school/tuberlin/people/
Kolping-Mainfranken GmbH - Kolping-Akademie Würzburg;https://www.linkedin.com/company/kolping-akademie/about/
Hochschule Ravensburg-Weingarten;https://www.linkedin.com/school/hochschule-ravensburg-weingarten/people/
Otto-Friedrich-Universität Bamberg;https://www.linkedin.com/school/otto-friedrich-universitat-bamberg/people/
Hochschule Anhalt;https://www.linkedin.com/company/anhaltuniversity/people/
Leuphana Universität Lüneburg;https://www.linkedin.com/school/universitat-luneburg/people/
THM Technische Hochschule Mittelhessen;https://www.linkedin.com/school/technische-hochschule-mittelhessen/people/
Rheinische Friedrich-Wilhelms-Universität Bonn;https://www.linkedin.com/school/rheinische-friedrich-wilhelms-universit%C3%A4t-bonn/people/
Technische Hochschule Mittelhessen - University of Applied Sciences - THM Business School;https://www.linkedin.com/school/technische-hochschule-mittelhessen/people/
Wismar International Graduation Service GmbH;https://www.linkedin.com/school/wings-fernstudium/people/
Hochschule Hannover;https://www.linkedin.com/school/hochschule-hannover/people/
Dominikus-Ringeisen-Werk;https://www.linkedin.com/company/dominikus-ringeisen-werk/about/
Internationale Berufsakademie der F+U Unternehmensgruppe gGmbH;https://www.linkedin.com/school/ibadual/people/
Internationale Berufsakademie der F+U Unternehmensgruppe gGmbH;https://www.linkedin.com/school/ibadual/people/
International School of Management (ISM) GmbH;https://www.linkedin.com/school/international-school-of-management-germany/people/
Technische Universität Kaiserslautern;https://www.linkedin.com/school/technische-universitat-kaiserslautern/people/
Humboldt-Universität zu Berlin;https://www.linkedin.com/school/humboldt-university-berlin/people/
Fachhochschule Potsdam - University of Applied Sciences;https://www.linkedin.com/school/fachhochschule-potsdam/people/
Alpen-Adria-Universität Klagenfurt;https://www.linkedin.com/school/universitat-klagenfurt/people/
educcare Bildungskindertagesstätten gGmbH;https://www.linkedin.com/company/educcare-da-will-ich-kind-sein/people/
Sodexo Services GmbH;https://www.linkedin.com/company/sodexo/people/
Katholische Universität Eichstätt-Ingolstadt;https://www.linkedin.com/school/unieichstaett/people/
All for One Group AG;https://www.linkedin.com/company/all-for-one-group-se/people/
Hochschule Darmstadt - University of Applied Sciences;https://www.linkedin.com/school/darmstadt-university-of-applied-sciences/people/
Martin-Luther-Universität Halle-Wittenberg;https://www.linkedin.com/school/martin-luther-university-halle-wittenberg/people/
Fachhochschule Südwestfalen;https://www.linkedin.com/school/fachhochschule-s-dwestfalen/people/
Ernst-Moritz-Arndt-Universität Greifswald;https://www.linkedin.com/school/uni-greifswald/people/
Internationale Hochschule für Wirtschaft, Technik und Kultur gGmbH;https://www.linkedin.com/company/hwtk/people/
Universität Rostock;https://www.linkedin.com/school/university-of-rostock/people/
AWO Kreisverband München-Land e.V.;https://www.linkedin.com/company/awokvmucl/people/
Hochschule Bochum;https://www.linkedin.com/school/hochschule-bochum/people/
DeutschAkademie Sprachschule GmbH;https://www.linkedin.com/company/deutschakademie-sprachschule-wien/people/
Fachhochschule Südwestfalen;https://www.linkedin.com/school/fachhochschule-s-dwestfalen/people/
Universität Koblenz-Landau;https://www.linkedin.com/school/universitat-koblenz-landau/people/
Elly & Stoffl;https://www.linkedin.com/company/elly-&-stoffl-privatkindergarten-m%C3%BCnchen-gmbh/people/
Hochschule für Angewandte Wissenschaften Hof;https://www.linkedin.com/school/fachhochschule-hof/people/
IUBH Internationale Hochschule GmbH;https://www.linkedin.com/school/iubh-hochschule/people/
Zeppelin Universität gemeinnützige GmbH;https://www.linkedin.com/school/zeppelin-university/people/
Westfälische Hochschule - Gelsenkirchen Bocholt Recklinghausen - University of Applied Sciences;https://www.linkedin.com/company/westf%C3%A4lische-hochschule/people/
Teach First Deutschland gemeinnützige GmbH;https://www.linkedin.com/company/teach-first-deutschland/people/
Universität Stuttgart;https://www.linkedin.com/school/universit%C3%A4t-stuttgart/people/
Hochschule Geisenheim;https://www.linkedin.com/school/hochschule-geisenheim-university/people/
Universität Duisburg-Essen (UDE) - Campus Essen;https://www.linkedin.com/school/university-of-duisburg-essen/people/
Ausbildungszentrum für Verwaltung / FHVD Fachhochschule für Verwaltung und Dienstleistung;https://www.linkedin.com/company/fachhochschule-f%C3%BCr-verwaltung-und-dienstleistung/people/
Universität Osnabrück;https://www.linkedin.com/school/university-of-osnabrueck/people/
Hochschule für angewandte Wissenschaften Ansbach;https://www.linkedin.com/school/hs-ansbach/people/
DHBW Duale Hochschule Baden-Württemberg Heilbronn;https://www.linkedin.com/company/dhbw-heilbronn/people/
IST-Hochschule für Management GmbH;https://www.linkedin.com/school/ist-hochschule-f%C3%BCr-management/people/
Technische Hochschule Nürnberg Georg Simon Ohm;https://www.linkedin.com/school/technische-hochschule-n%C3%BCrnberg-georg-simon-ohm/people/
UZH Universität Zürich;https://www.linkedin.com/school/uzh/people/
Hochschule Koblenz;https://www.linkedin.com/school/hochschule-koblenz/people/
Technische Hochschule Ingolstadt;https://www.linkedin.com/school/technische-hochschule-ingolstadt/people/
THD - Technische Hochschule Deggendorf;https://www.linkedin.com/school/technische-hochschule-deggendorf/people/
Universität Konstanz;https://www.linkedin.com/school/university-of-konstanz/people/
Hochschule für Musik Nürnberg;https://www.linkedin.com/school/hochschule-f%C3%BCr-musik-n%C3%BCrnberg/people/
KiTa Bremen Eigenbetrieb der Stadtgemeinde Bremen;https://www.linkedin.com/company/kita-bremen/people/
Screen GmbH;https://www.linkedin.com/company/screen-gmbh-training-&-beratung/people/
Technische Hochschule Wildau / Technical University of Applied Sciences Wildau;https://www.linkedin.com/school/technische-hochschule-wildau/people/
SterniPark GmbH;https://www.linkedin.com/company/sternipark/people/
Universität Ulm;https://www.linkedin.com/school/university-of-ulm/people/
Hochschule Esslingen;https://www.linkedin.com/school/hochschule-es/people/
ZHAW Zürcher Hochschule für angewandte Wissenschaften;https://www.linkedin.com/school/z-rcher-hochschule-f-r-angewandte-wissenschaften-zhaw-/people/
BEST-Sabel-Fachhochschule Berlin;https://www.linkedin.com/company/best-sabel/people/
Friedrich-Schiller-Universität Jena;https://www.linkedin.com/school/friedrich-schiller-universit%C3%A4t-jena/people/
TÜV NORD Bildung GmbH & Co. KG;https://www.linkedin.com/company/t-v-nord-group/people/
Hochschule Weihenstephan-Triesdorf;https://www.linkedin.com/school/hswt/people/
HSR Hochschule für Technik Rapperswil;https://www.linkedin.com/school/ost-ostschweizer-fachhochschule/people/
Technische Hochschule Lübeck;https://www.linkedin.com/school/technische-hochschule-luebeck/people/
Wirtschaftsuniversität Wien;https://www.linkedin.com/school/wu-wirtschaftsuniversitaet-wien/people/
Zweckverband Katholische Tageseinrichtungen für Kinder im Bistum Essen;https://www.linkedin.com/company/kita-zweckverband/people/
Universität Rostock;https://www.linkedin.com/school/university-of-rostock/people/
BERUFSBILDUNGSWERK SÜDHESSEN gGmbH;https://www.linkedin.com/company/berufsbildungswerk-s%C3%BCdhessen-ggmbh/people/
IKF GmbH;https://www.linkedin.com/company/icp-m%C3%BCnchen/people/
Stiftung Tierärztliche Hochschule Hannover;https://www.linkedin.com/school/stiftung-tier%C3%A4rztliche-hochschule-hannover/people/
TÜV SÜD Rail GmbH;TÜV SÜD Rail GmbH München linkedin
Paritätische Schulen für soziale Berufe gGmbH;https://www.linkedin.com/school/parit%C3%A4tische-schulen-f%C3%BCr-soziale-berufe-hausach/people/
Regionalverband Ruhr - Metropole Ruhr;https://www.linkedin.com/company/regionalverband-ruhr/people/
ICP Gruppe München / ICP München Integrationszentrum für Cerebralparese;https://www.linkedin.com/company/icp-m%C3%BCnchen/people/
Stiftung Universität Hildesheim;https://www.linkedin.com/school/universit-t-hildesheim/people/
IUBH Internationale Hochschule GmbH;https://www.linkedin.com/school/iubh-hochschule/people/
B.i.b. International College - B.i.b. Bildungszentrum Für Informationsverarbeitende Berufe E. V.;https://www.linkedin.com/company/bib-international-college/people/
dispo-Tf education GmbH;https://www.linkedin.com/company/dispotf-education/people/
Internationaler Bund Berlin-Brandenburg gGmbH;https://www.linkedin.com/company/internationalerbund/people/
Schülerhilfe GmbH & Co. KG;https://www.linkedin.com/company/sch%C3%BClerhilfe-gmbh-&-co-kg/people/
Phorms Campus München;https://www.linkedin.com/company/phorms-education/people/
Technische Universität Dresden;https://www.linkedin.com/school/tu-dresden/people/
Universität Siegen;https://www.linkedin.com/school/university-of-siegen/people/
Ernst-Abbe-Hochschule Jena;https://www.linkedin.com/school/eahjena/people/
eLearning Manufaktur GmbH;https://www.linkedin.com/company/bildungsinnovator-com/people/
Internationale Berufsakademie;https://www.linkedin.com/school/ibadual/people/
Technische Universität Dresden;https://www.linkedin.com/school/tu-dresden/people/
Hochschule München;https://www.linkedin.com/school/hochschule-muenchen/people/
Technische Hochschule Köln;https://www.linkedin.com/school/cologne-university-of-applied-sciences/people/
Hochschule für Wirtschaft und Recht (HWR) Berlin;https://www.linkedin.com/school/berlinprofessionalschool-hwrberlin/people/
IUBH Internationale Hochschule GmbH;https://www.linkedin.com/school/iubh-hochschule/people/
MFZ Münchner Förderzentrum GmbH;https://www.linkedin.com/company/icp-m%C3%BCnchen/people/
Media.Com GmbH;https://www.linkedin.com/company/mediacom-gmbh/people/
Hochschule für angewandtes Management;https://www.linkedin.com/school/hochschule-f%C3%BCr-angewandtes-management/people/
German University in Cairo (GUC);https://www.linkedin.com/school/german-university-in-cairo/people/
karriere tutor GmbH;https://www.linkedin.com/company/karriere-tutor-gmbh/people/
iba Internationale Berufsakademie der F+U Unternehmensgruppe gGmbH;https://www.linkedin.com/school/ibadual/people/
Duale Hochschule Gera-Eisenach;https://www.linkedin.com/company/duale-hochschule-gera-eisenach/people/
Evangelische Hochschule Dresden;https://www.linkedin.com/school/evangelische-hochschule-f%C3%BCr-sozialarbeit-dresden/people/
Hochschule für angewandtes Management GmbH;https://www.linkedin.com/school/hochschule-f%C3%BCr-angewandtes-management/people/
Hochschule Osnabrück;https://www.linkedin.com/company/hochschule-osnabrueck-university-of-applied-sciences/people/
Studienkreis Die Nachhilfe - Studienkreis Partnersysteme GmbH;https://www.linkedin.com/company/studienkreis-gmbh/people/
Ludwig Fresenius Schulen;https://www.linkedin.com/company/ludwig-fresenius-schulen/people/
Hochschule München - Hochschule für angewandte Wissenschaften München;https://www.linkedin.com/school/hochschule-muenchen/people/
Technische Universität Graz;https://www.linkedin.com/school/tugraz1811/people/
Macromedia GmbH - Hochschule und Akademie;https://www.linkedin.com/company/macromedia-akademie/people/
Technische Universität Braunschweig;https://www.linkedin.com/school/tu-braunschweig/people/
Technische Universität Chemnitz;https://www.linkedin.com/school/technische-universitat-chemnitz/people/
Westfälische Hochschule Campus Bocholt Fachbereich Wirtschaft & Informationstechnik;https://www.linkedin.com/company/westf%C3%A4lische-hochschule/people/
Freie Universität Berlin;https://www.linkedin.com/school/freie-universitat-berlin/people/
Fachhochschule Südwestfalen;https://www.linkedin.com/school/fachhochschule-s-dwestfalen/people/
DHBW Duale Hochschule Baden-Württemberg Mosbach;https://www.linkedin.com/school/duale-hochschule-baden-w%C3%BCrttemberg/people/
Universität Freiburg - Technische Fakultät;https://www.linkedin.com/company/university-of-freiburg/people/
Technische Universität München;https://www.linkedin.com/school/technische-universitat-munchen/people/
Hochschule Magdeburg-Stendal (FH);https://www.linkedin.com/school/hochschule-magdeburg-stendal/people/
Hochschule Ostwestfalen-Lippe;https://www.linkedin.com/school/technische-hochschule-ostwestfalen-lippe/people/
Universität für Musik und darstellende Kunst Graz (KUG);https://www.linkedin.com/school/universit%C3%A4t-f%C3%BCr-musik-und-darstellende-kunst-graz/people/
Universitätsklinikum Tübingen;https://www.linkedin.com/company/universit%C3%A4tsklinikum-t%C3%BCbingen/people/
Senator für Umwelt, Bau und Verkehr;https://www.linkedin.com/company/der-senator-f%C3%BCr-umwelt-bau-und-verkehr/people/
Wbs Training Ag - WBS Gruppe;https://www.linkedin.com/company/wbs-training-ag/people/
Justus-Liebig-Universität Gießen Institut für Lebensmittelchemie und Lebensmittelbiotechnologie;https://www.linkedin.com/school/jlugiessen/people/
DeepL GmbH;https://www.linkedin.com/company/linkedin-com-company-deepl/people/
IUBH Internationale Hochschule GmbH;https://www.linkedin.com/school/iubh-hochschule/people/
TÜV Rheinland AG;https://www.linkedin.com/company/tuv-rheinland-group/people/
Donau-Universität Krems;https://www.linkedin.com/school/donau.uni/people/
Anderwerk GmbH;https://www.linkedin.com/company/anderwerk-gmbh/people/
Studienkreis GmbH;https://www.linkedin.com/company/studienkreis-gmbh/people/
Wichtel Akademie München GmbH;https://www.linkedin.com/company/wichtel-akademie-m%C3%BCnchen-gmbh/people/?viewAsMember=true
Universität Stuttgart;https://www.linkedin.com/school/universit%C3%A4t-stuttgart/people/
Freie Universität Berlin;https://www.linkedin.com/school/freie-universitat-berlin/people/
IUBH Internationale Hochschule GmbH;https://www.linkedin.com/school/iubh-hochschule/people/
Freie Universität Berlin;https://www.linkedin.com/school/freie-universitat-berlin/people/
Justus-Liebig-Universität Giessen;https://www.linkedin.com/school/jlugiessen/people/
VNG AG;https://www.linkedin.com/company/vngag/people/
maxQ. im bfw – Unternehmen für Bildung;https://www.linkedin.com/school/maxq.-im-bfw---unternehmen-f%C3%BCr-bildung-frankfurt/people/
Georg-August-Universität Göttingen;https://www.linkedin.com/school/-university-of-goettingen/people/
Universität Heidelberg;https://www.linkedin.com/company/university-of-heidelberg/people/
BVZ GmbH - BVZ-Frankfurt;https://www.linkedin.com/company/bvz-frankfurt/people/
Unternehmensgruppe Atoma-multipond;https://www.linkedin.com/company/multipond-group/people/
iba - Internationale Berufsakademie der F+U Unternehmensgruppe gGmbH;https://www.linkedin.com/school/ibadual/people/
Technische Hochschule Ostwestfalen-Lippe;https://www.linkedin.com/school/technische-hochschule-ostwestfalen-lippe/people/
Technische Universität München Referat 46 Gebäudemanagement;https://www.linkedin.com/school/technische-universitat-munchen/people/
Hochschule Düsseldorf;https://www.linkedin.com/school/hsduesseldorf/people/
Hochschule Schmalkalden;https://www.linkedin.com/school/schmalkalden-university/people/
Universität Trier;https://www.linkedin.com/school/university-of-trier/people/
TH Köln;https://www.linkedin.com/school/cologne-university-of-applied-sciences/people/
Wbs Gruppe;https://www.linkedin.com/company/wbs-training-ag/people/
Hochschule für Wirtschaft, Technik und Kultur (HWTK);https://www.linkedin.com/company/hwtk/people/
Hochschule für angewandte Wissenschaften München;https://www.linkedin.com/school/hochschule-muenchen/people/
Universität Greifswald;https://www.linkedin.com/school/uni-greifswald/people/
Technische Universität Hamburg;https://www.linkedin.com/school/technische-universit%C3%A4t-hamburg/people/
Kunsthochschule für Medien Köln;https://www.linkedin.com/school/kunsthochschule-f%C3%BCr-medien-k%C3%B6ln/people/
Hochschule Rhein-Waal;https://www.linkedin.com/school/rhine-waal-university/people/
plusYOU GmbH;https://www.linkedin.com/company/plusyou-gmbh/people/
SRH Berufliches Trainingszentrum Rhein-Neckar gGmbH;https://www.linkedin.com/company/srh-berufliches-trainingszentrum-rhein-neckar-ggmbh/people/
RWTH Aachen University;https://www.linkedin.com/school/rwth-aachen-university/people/
Universitätsmedizin Tübingen;https://www.linkedin.com/company/universit%C3%A4tsklinikum-t%C3%BCbingen/people/
Technische Universität Darmstadt;https://www.linkedin.com/school/technische-universitat-darmstadt/people/
Universität Heidelberg;https://www.linkedin.com/company/university-of-heidelberg/people/
Hertie School of Governance;https://www.linkedin.com/school/hertie-school/people/
Technische Hochschule Aschaffenburg;https://www.instagram.com/uni_koeln/
Wolter - Hoppenburg;https://www.linkedin.com/company/wolter-hoppenberg-rechtsanwaelte/people/
AWO pro mensch gGmbH;https://www.linkedin.com/company/awo-kreisverband-berlin-nordwest-e-v-/people/
Rhön-Klinikum Campus Bad Neustadt;https://www.linkedin.com/company/rh%C3%B6n-klinikum-ag/people/
FOM Hochschule für Berufstätige, Ökonomie & Management gemeinnützige GmbH;https://www.linkedin.com/school/fom-hochschule-f%C3%BCr-oekonomie-&-management/people/
IUBH Internationale Hochschule GmbH;https://www.linkedin.com/school/iubh-hochschule/people/
HOCHSCHULE für Angewandte Wissenschaften - Fachhochschule LANDSHUT;https://www.linkedin.com/school/hochschule-landshut/people/
IUBH Internationale Hochschule GmbH;https://www.linkedin.com/school/iubh-hochschule/people/
Hochschule für Angewandte Wissenschaften - Hochschule Neu-Ulm;https://www.linkedin.com/school/hochschule-neu-ulm/people/
Nordwest-zeitung Verlagsgesellschaft Mh Und Co. Kg;https://www.linkedin.com/company/nwz-mediengruppe/people/
Universität Leipzig;https://www.linkedin.com/school/university-of-leipzig/people/
IUBH Internationale Hochschule GmbH - Campus Frankfurt a. M.;https://www.linkedin.com/school/iubh-hochschule/people/
Universität für Musik und darstellende Kunst Wien;https://www.linkedin.com/school/universitat-fur-musik-und-darstellende-kunst-wien/people/
Hochschule Mannheim;https://www.linkedin.com/school/hochschule-mannheim/people/
Katholische Hochschule Nordrhein-Westfalen;https://www.linkedin.com/school/katholische-fachhochschule-nordrhein-westfalen-k%C3%B6ln/people/
Hochschule Heilbronn;https://www.linkedin.com/company/hochschule-heilbronn/people/
Niedersächsisches Studieninstitut für kommunale Verwaltung e.V.;https://www.linkedin.com/company/nsi-hsvn/people/
Universität Stuttgart;https://www.linkedin.com/school/universit%C3%A4t-stuttgart/people/
Hochschule Hamm-Lippstadt;https://www.linkedin.com/school/hochschule-hamm-lippstadt/people/
Provadis School of International Management and Technology;https://www.linkedin.com/school/provadis-school-of-international-management-and-technology-ag/people/
Hochschule für öffentliche Verwaltung Kehl;https://www.linkedin.com/company/hochschule-f-r-ffentliche-verwaltung-kehl/people/
Hochschule Fresenius;https://www.linkedin.com/school/fresenius/people/
Hochschule Furtwangen;https://www.linkedin.com/school/hochschule-furtwangen-university/people/
Bezirksklinikum Mainkofen;https://www.linkedin.com/company/bezirksklinikum-mainkofen/people/
AKAD University - AKAD Bildungsgesellschaft mbH;https://www.linkedin.com/school/akad-university/people/
Dhbw Duale Hochschule Baden-württemberg - Präsidium;https://www.linkedin.com/school/duale-hochschule-baden-w%C3%BCrttemberg/people/
Beuth Hochschule für Technik Berlin;https://www.linkedin.com/school/beuth-hochschule-f%C3%BCr-technik-berlin-ehemals-technische-fachhochschule-berlin-/people/
Hochschule Ruhr West;https://www.linkedin.com/company/hochschule-ruhr-west/people/
Franz von Assisi gGmbH;https://www.linkedin.com/company/franz-von-assisi-ggmbh/people/
Hochschule Rhein-Waal - Rhine-Waal University of Applied Sciences;https://www.linkedin.com/school/rhine-waal-university/people/
DHWB Duale Hochschule Baden-Württemberg Mannheim;https://www.linkedin.com/school/duale-hochschule-baden-w%C3%BCrttemberg/people/
hsg Hochschule für Gesundheit;https://www.linkedin.com/company/hochschule-f%C3%BCr-gesundheit/people/
Rheinische Friedrich-Wilhelms-Universität Bonn;https://www.linkedin.com/school/rheinische-friedrich-wilhelms-universit%C3%A4t-bonn/people/
Hochschule Emden/Leer;https://www.linkedin.com/school/hochschule-emden-leer/people/
Fachhochschule Südwestfalen;https://www.linkedin.com/school/fachhochschule-s-dwestfalen/people/
GSM Training & Integration GmbH;https://www.linkedin.com/company/gsm-training-integration-gmbh/people/
Hochschule Neubrandenburg;https://www.linkedin.com/company/hochschule-neubrandenburg/people/
Fachhochschule Dortmund;https://www.linkedin.com/school/fachhochschule-dortmund/people/
Fachhochschule Kiel;https://www.linkedin.com/school/fachhochschule-kiel/people/
Hochschule für Technik, Wirtschaft und Kultur Leipzig (FH) / HTWK Leipzig;https://www.linkedin.com/school/htwk-leipzig/people/
Universität Potsdam;https://www.linkedin.com/school/university-of-potsdam/people/
Universität Bremen;https://www.linkedin.com/school/university-of-bremen/people/
Psychiatrisches Zentrum Nordbaden;https://www.linkedin.com/company/psychiatrisches-zentrum-nordbaden-pzn-wiesloch/people/
Technische Hochschule Brandenburg;https://www.linkedin.com/school/th-brandenburg/people/
Goethe-Institut e.V.;https://www.linkedin.com/company/goethe-institut/people/
DAAD Deutscher Akademischer Austauschdienst e.V.;https://www.linkedin.com/school/daad-german-academic-exchange-service/people/
Hochschule Mainz;https://www.linkedin.com/school/hsmainz/people/
BFW Leipzig Berufsförderungwerk;https://www.linkedin.com/company/berufsf%C3%B6rderungswerk-leipzig-gemeinn%C3%BCtzige-gmbh/people/
Hochschule Reutlingen;https://www.linkedin.com/school/hochschule-reutlingen/people/
Hochschule Offenburg;https://www.linkedin.com/school/offenburg-university-of-applied-sciences/people/
VdS Schadenverhütung GmbH;https://www.linkedin.com/company/vds-schadenverhuetung-gmbh/people/
Hochschule Trier;https://www.linkedin.com/school/hochschule-trier/people/
Hochschule Niederrhein;https://www.linkedin.com/school/hochschule-niederrhein/people/
Hochschule Karlsruhe - Technik und Wirtschaft;https://www.linkedin.com/school/hochschule-karlsruhe---technik-und-wirtschaft/people/
Hochschule für Technik und Wirtschaft Dresden;https://www.linkedin.com/school/hochschule-f-r-technik-und-wirtschaft/people/
Hochschule Albstadt-Sigmaringen;https://www.linkedin.com/school/hochschule-albstadt-sigmaringen/people/
Universität der Bundeswehr München;https://www.linkedin.com/school/universitaet-der-bundeswehr-muenchen/people/
Hochschule Für Angewandte Wissenschaften Würzburg-Schweinfurt;https://www.linkedin.com/school/hochschule-f%C3%BCr-angewandte-wissenschaften-w%C3%BCrzburg-schweinfurt/people/
Ostbayerische Technische Hochschule Amberg-Weiden;https://www.linkedin.com/school/oth-amberg-weiden/people/
Hochschule für Technik und Wirtschaft des Saarlandes;https://www.linkedin.com/school/hochschule-f%C3%BCr-technik-und-wirtschaft-des-saarlandes-saarbr%C3%BCcken/people/
Hochschule Aalen;https://www.linkedin.com/company/hochschule-aalen/people/
Fachhochschule Münster / FH Münster;https://www.linkedin.com/school/fhmuenster/people/
SRH Berufsbildungswerk Neckargemünd gGmbH;https://www.linkedin.com/company/srh-holding/people/
Bergische Universität Wuppertal;https://www.linkedin.com/school/buw/people/
RWTH Rheinisch-Westfälischen Technischen Hochschule / RWTH Aachen University;https://www.linkedin.com/school/rwth-aachen-university/people/
Fachhochschule Weihenstephan;https://www.linkedin.com/school/fachhochschule-weihenstephan-freising/people/
Universität für angewandte Kunst Wien;https://www.linkedin.com/school/universit%C3%A4t-f%C3%BCr-angewandte-kunst-wien/people/
Universitätsklinikum Freiburg;https://www.linkedin.com/company/universit%C3%A4tsklinikum-freiburg/people/
Hochschule Anhalt (FH);https://www.linkedin.com/school/hochschuleanhalt/people/
HTW Berlin / Hochschule für Technik und Wirtschaft Berlin;https://www.linkedin.com/school/htwberlin/people/
Hochschule für angewandte Wissenschaften Coburg;https://www.linkedin.com/school/hochschule-coburg/people/
Fachhochschule Erfurt;https://www.linkedin.com/school/fachhochschule-erfurt/people/
Otto-von-Guericke-Universität Magdeburg;https://www.linkedin.com/school/otto-von-guericke-university-magdeburg/people/
Berufsförderungswerk Schömberg;https://www.linkedin.com/company/berufsf%C3%B6rderungswerk-sch%C3%B6mberg-ggmbh/people/
Deutsche Sporthochschule Köln;https://www.linkedin.com/school/sporthochschule/people/
BVS Bayerische Verwaltungsschule;https://www.linkedin.com/company/bayerische-verwaltungsschule/people/
Pädagogische Hochschule Karlsruhe;https://www.linkedin.com/school/p%C3%A4dagogische-hochschule-karlsruhe/people/
Friedrich-Alexander-Universität Erlangen-Nürnberg;https://www.linkedin.com/school/friedrich-alexander-university-erlangen-n-rnberg/people/
Technische Hochschule Rosenheim;https://www.linkedin.com/school/th-rosenheim/people/
Hochschule Pforzheim;https://www.linkedin.com/company/hochschule-pforzheim/people/
TUHH Technische Universität Hamburg;https://www.linkedin.com/school/technische-universit%C3%A4t-hamburg/people/
OTH Ostbayerische Technische Hochschule Regensburg;https://www.linkedin.com/school/fachhochschule-regensburg/people/
Jugendwohnen im Kiez - Jugendhilfe gGmbH;https://www.linkedin.com/company/jugendwohnen-im-kiez-e-v/people/
Fraunhofer-Institut für Umwelt- Sicherheits- und Energietechnik Umsicht;https://www.linkedin.com/company/fraunhofer-umsicht/people/
Pädagogische Hochschule Schwäbisch Gmünd Personalverwaltung;https://www.linkedin.com/school/p%C3%A4dagogische-hochschule-schw%C3%A4bisch-gm%C3%BCnd/people/
Klax Berlin gGmbH;https://www.linkedin.com/company/klax-gruppe/people/
Technische Universität Darmstadt;https://www.linkedin.com/school/technische-universitat-darmstadt/people/
Pädagogische Hochschule Ludwigsburg;https://www.linkedin.com/school/p%C3%A4dagogische-hochschule-ludwigsburg/people/
Provadis Partner für Bildung & Beratung GmbH;https://www.linkedin.com/company/provadis-partner-f%C3%BCr-bildung-und-beratung-gmbh/people/
Hochschule Biberach;https://www.linkedin.com/school/hochschule_biberach/people/
Miltenyi Biotec B.V. & Co. KG;https://www.linkedin.com/company/miltenyi-biotec/people/
Universität Erfurt;https://www.linkedin.com/school/university-of-erfurt/
Eberhard Karls Universität Tübingen;https://www.linkedin.com/school/eberhard-karls-universit%C3%A4t-t%C3%BCbingen/people/
Fachhochschule Stralsund;https://www.linkedin.com/school/hochschule-stralsund/people/
Hochschule Nordhausen;https://www.linkedin.com/company/hochschule-nordhausen/people/
Hochschule Bremerhaven;https://www.linkedin.com/school/bremerhaven-university-of-aplied-sciences/people/
Berufsförderungswerk Frankfurt am Main (BFW);https://www.linkedin.com/company/berufsf%C3%B6rderungswerk-frankfurt-am-main-e.v.-zentrum-f.-berufliche-rehabilitation/people/
Hochschule für Musik und Darstellende Kunst Frankfurt am Main;https://www.linkedin.com/company/hfmdk-frankfurt/people/
SRH-Holding (SdbR);https://www.linkedin.com/company/srh-holding/people/
Universität Regensburg;https://www.linkedin.com/school/university-of-regensburg/people/
Hochschule für Angewandte Wissenschaften - Fachhochschule Aschaffenburg;https://www.linkedin.com/school/thaschaffenburg/people/
euniwell Universität für Wohlbefinden / c / o Universität zu Köln;https://www.linkedin.com/school/university-of-cologne/people/
Karl-Franzens-Universität Graz;https://www.linkedin.com/school/university-of-graz/people/
Universität Paderborn;https://www.linkedin.com/school/university-of-paderborn/people/
Pädagogische Hochschule Heidelberg;https://www.linkedin.com/school/p%C3%A4dagogische-hochschule-heidelberg/people/
Pädagogische Hochschule Freiburg;https://www.linkedin.com/school/p%C3%A4dagogische-hochschule-freiburg/people/
Katholische Fachhochschule Mainz;https://www.linkedin.com/school/katholische-fachhochschule-mainz/people/
Ludwigs-Maximilians-Universität München - Medizinische Fakultät;https://www.linkedin.com/school/lmu.muenchen/people/
HNE Hochschule für nachhaltige Entwicklung Eberswalde (FH);https://www.linkedin.com/school/hochschule-f%C3%BCr-nachhaltige-entwicklung-eberswalde/people/
Medical Park Chiemsee;https://www.linkedin.com/company/medical-park-chiemsee/people/
Universität Kaiserslautern Fachbereich Physik;https://www.linkedin.com/school/technische-universitat-kaiserslautern/people/
Deutsches Herzzentrum Berlin;https://www.linkedin.com/company/deutsches-herzzentrum-berlin-dhzb-/people/
Pädagogische Hochschule Weingarten;https://www.linkedin.com/school/p%C3%A4dagogische-hochschule-weingarten/people/
Deutsche Universität für Verwaltungswissenschaften Speyer;https://www.linkedin.com/school/deutsche-universit%C3%A4t-f%C3%BCr-verwaltungswissenschaften-speyer/people/
Otto-Friedrich-Universität Bamberg;https://www.linkedin.com/school/otto-friedrich-universitat-bamberg/people/
Hochschule Kaiserslautern;https://www.linkedin.com/school/hochschule-kaiserslautern/people/
Stiftung Das Rauhe Haus;https://www.linkedin.com/company/das-rauhe-haus---wohnhaus/people/
FHW Fachhochschule Westküste Hochschule für Wirtschaft u. Technik;https://www.linkedin.com/school/fhwestkueste/people/
Johann Wolfgang Goethe-Universität;https://www.linkedin.com/school/goethe-universitat-frankfurt/people/
Technische Hochschule Ulm;https://www.linkedin.com/company/hochschule-ulm/people/
Hochschule Wismar;https://www.linkedin.com/school/hochschule-wismar/people/
Evangelische Hochschule Ludwigsburg;https://www.linkedin.com/company/evangelische-hochschule-ludwigsburg/people/
Hochschule der Medien;https://www.linkedin.com/school/hochschule-der-medien-stuttgart/people/
Ludwig-Maximilians-Universität;https://www.linkedin.com/school/lmu.muenchen/people/
Technische Universität Wien -TU Wien- / Vienna University of Technology;https://www.linkedin.com/school/tuwien/people/
Technische Universität München Heinz Maier-Leibnitz (FRM II);https://www.linkedin.com/school/technische-universitat-munchen/people/
Technische Universität Berlin;https://www.linkedin.com/school/tuberlin/people/
Fachhochschule Aachen;https://www.linkedin.com/company/fh-aachen/people/
Bauhaus-Universität Weimar;https://www.linkedin.com/school/bauhaus-university-weimar/people/
HAWK - Hochschule für angewandte Wissenschaft und Kunst;https://www.linkedin.com/school/hawk-hochschule-hildesheim-holzminden-goettingen/people/
Fachhochschule Kiel;https://www.linkedin.com/school/fachhochschule-kiel/people/
HRK Hochschulrektorenkonferenz;https://www.linkedin.com/company/hochschulrektorenkonferenz/people/
Universität Passau;https://www.linkedin.com/school/university-of-passau/people/
Westfälische Wilhelms-Universität Münster;https://www.linkedin.com/school/university-of-muenster/people/
Kbo Kinderzentrum München Gemeinnützige Gmbh;https://www.linkedin.com/company/kliniken-des-bezirks-oberbayern/people/
Universität des Saarlandes;https://www.linkedin.com/school/saarland-university/people/
Hochschule für Angewandte Wissenschaften Hamburg (HAW Hamburg);https://www.linkedin.com/company/hamburg-university-of-applied-sciences/people/
Diakonie Kork;https://www.linkedin.com/company/diakonie-kork/people/
Hochschule Bonn-Rhein-Sieg;https://www.linkedin.com/school/hochschule-bonn-rhein-sieg/people/
Köster GmbH - Köster Gruppe;https://www.linkedin.com/company/k%C3%B6ster-gmbh/people/
HFH · Hamburger Fern-Hochschule gGmbH;https://www.linkedin.com/school/hamburger-fern-hochschule/people/
Universität Duisburg-Essen;https://www.linkedin.com/school/university-of-duisburg-essen/people/
Universität zu Lübeck;https://www.linkedin.com/school/universit%C3%A4t-zu-l%C3%BCbeck/people/
Günter-Stöhr-Gymnasium / St. Anna Schulverbund GGmbH;https://www.linkedin.com/company/st.-anna-schulverbund-gemeinn%C3%BCtzige-gmbh/people/
Westfälische Wilhelms-Universität Münster / WWU;https://www.linkedin.com/school/university-of-muenster/people/
Universität Hohenheim;https://www.linkedin.com/school/universitat-hohenheim/people/
Universität Bayreuth;https://www.linkedin.com/school/university-of-bayreuth/people/
Universität der Künste Berlin;https://www.linkedin.com/school/universit%C3%A4t-der-k%C3%BCnste-berlin/people/
esmt European School of Management and Technology GmbH;https://www.linkedin.com/school/esmt/people/
Carl von Ossietzky Universität Oldenburg;https://www.linkedin.com/school/carl-von-ossietzky-university-of-oldenburg/people/
Philipps-Universität Marburg;https://www.linkedin.com/school/philipps-universit-t-marburg/people/
Ruprecht Karls Universität Heidelberg;https://www.linkedin.com/company/university-of-heidelberg/people/
Helmut-Schmidt-Universität;https://www.linkedin.com/company/helmut-schmidt-university/people/
Universität Kassel;https://www.linkedin.com/school/uni-kassel/people/
Universität Duisburg-Essen (UDE) - Campus Duisburg;https://www.linkedin.com/school/university-of-duisburg-essen/people/
Universität Augsburg;https://www.linkedin.com/school/university-of-augsburg/people/
Bernd Blindow Gruppe;https://www.linkedin.com/company/bernd-blindow-schulen-hannover/people/
Technische Universität Berlin;https://www.linkedin.com/school/tuberlin/people/
Hochschule Osnabrück;https://www.linkedin.com/company/hochschule-osnabrueck-university-of-applied-sciences/people/
Hochschule des Bundes für öffentliche Verwaltung;https://www.linkedin.com/company/hs-bund/people/
IB Internationaler Bund e.V. - Freier Träger der Jugend-, Sozial- u. Bildungsarbeit e.V.;https://www.linkedin.com/company/internationalerbund/people/
Fachhochschule Karlsruhe Hochschule für Technik;https://www.linkedin.com/school/hochschule-karlsruhe---technik-und-wirtschaft/people/
Westsächsische Hochschule Zwickau;https://www.linkedin.com/school/westsachsische-hochschule-zwickau/people/
Jade Hochschule Wilhelmshaven/Oldenburg/Elsfleth;https://www.linkedin.com/company/jade-hochschule/people/
Katholische Stiftungshochschule München - University Of Applied Sciences;https://www.linkedin.com/school/katholische-stiftungsfachhochschule-m%C3%BCnchen/people/
Otto-Friedrich-Universität Bamberg;https://www.linkedin.com/school/otto-friedrich-universitat-bamberg/people/
Kliniken Maria Hilf GmbH;https://www.linkedin.com/company/kliniken-maria-hilf-gmbh/people/
Universität Duisburg-Essen Campus Essen;https://www.linkedin.com/school/university-of-duisburg-essen/people/
Europa-Universität Flensburg;https://www.linkedin.com/school/universit-t-flensburg/people/
Ludwig-Maximilians-Universität München / LMU;https://www.linkedin.com/school/lmu.muenchen/people/
Technische Universität Dortmund;https://www.linkedin.com/school/tu-dortmund-university/people/
Albert-Ludwigs-Universität Freiburg;https://www.linkedin.com/school/albert-ludwigs-universitaet-freiburg/people/
Georg-August-Universität Göttingen - Stiftung Öffentlichen Rechts;https://www.linkedin.com/school/-university-of-goettingen/people/
Universität Hamburg;https://www.linkedin.com/school/university-of-hamburg/people/
Johannes Gutenberg-Universität Mainz;https://www.linkedin.com/school/unimainz/people/
Institut für Physik der Johannes Gutenberg-Universität Mainz;https://www.linkedin.com/school/unimainz/?originalSubdomain=de
Carl von Ossietzky Uni Oldenburg;https://www.linkedin.com/school/carl-von-ossietzky-university-of-oldenburg/people/
ASB Lehrerkooperative gGmbH;https://www.linkedin.com/company/asb-lehrerkooperative-ggmbh/people/
Berufsakademie Sachsen Staatliche Studienakademie Glauchau;https://www.linkedin.com/company/staatliche-studienakademie-glauchau/people/
Universität Potsdam - DIfE - Deutsches Institut für Ernährungsforschung;https://www.linkedin.com/company/german-institute-of-human-nutrition/people/
TU Dresden;https://www.linkedin.com/school/tu-dresden/people/
Heinrich-Heine-Universität Düsseldorf;https://www.linkedin.com/school/heinrich-heine-universitat-dusseldorf/people/
Studentenring;https://www.linkedin.com/company/studentenring/people/
Bayerische Rotes Kreuz;https://www.linkedin.com/company/bayerisches-rotes-kreuz-brk/people/
Technische Universität Bergakademie Freiberg;https://www.linkedin.com/school/tu-freiberg.de/people/
Berufsförderungswerk München gemeinnützige Gesellschaft mbH;https://www.linkedin.com/company/bfw-muenchen/people/
Otto Christ AG;https://www.linkedin.com/company/christwashsystems/people/
Euro-schulen-organisation Gmbh - Eso Education Group;https://www.linkedin.com/company/euro-schulen-eso-education-group/people/
Medical Park Bad Rodach GmbH;https://www.linkedin.com/company/medical-park-chiemsee/people/
FH Bielefeld / Fachhochschule Bielefeld;https://www.linkedin.com/school/fachhochschule-bielefeld/people/
